{
  "train_config": {
    "agents": [
      "purchasing",
      "sales",
      "operations",
      "supplychain"
    ],
    "total_timesteps_per_agent": 200000,
    "learning_rate": 0.0003,
    "n_steps": 1024,
    "batch_size": 64,
    "n_epochs": 10,
    "gamma": 0.99,
    "ent_coef": 0.01,
    "seed": 42
  },
  "pre_random_roi": {
    "mean": -42.7337077070532,
    "std": 17.845666207498944,
    "min": -81.84168789421784,
    "max": -21.236845406153613,
    "values": [
      -35.806069905824614,
      -52.41462382019766,
      -31.614890081220842,
      -23.888742885164522,
      -62.808753963072505,
      -34.165328455858244,
      -81.84168789421784,
      -47.705916944844915,
      -29.121451337166054,
      -27.61128537426627,
      -26.28245572313302,
      -21.236845406153613,
      -69.31337595365098,
      -67.95917235485595,
      -32.51867199856987,
      -23.903828712984577,
      -54.864293998696134,
      -24.501290830268765,
      -48.26831003684607,
      -58.84715846407151
    ]
  },
  "post_trained_roi": {
    "mean": -18.191937155699613,
    "std": 0.054628979453443596,
    "min": -18.34741497766209,
    "max": -18.112638749302008,
    "values": [
      -18.208330182897992,
      -18.232429637349448,
      -18.197630156122848,
      -18.126188965887547,
      -18.138295480834437,
      -18.2068677052386,
      -18.34741497766209,
      -18.135874512350842,
      -18.194288171149925,
      -18.19629916717131,
      -18.17554209245979,
      -18.230492866186445,
      -18.14587227293037,
      -18.230821733651965,
      -18.168541156147263,
      -18.112638749302008,
      -18.17774906905669,
      -18.261873457199886,
      -18.125085185395644,
      -18.22650757499723
    ]
  },
  "improvement": 24.541770551353586,
  "best_roi": 11.260887571548128,
  "episodes": 200000,
  "train_time_seconds": 49725.70888757706,
  "roi_history": [
    -61.15601530280536,
    -16.64885523263692,
    -70.32180472461462,
    -18.320490186136375,
    -63.35924388727832,
    -48.473594702814964,
    -5.27453729455829,
    -37.62427709280153,
    -17.22819369779511,
    -50.5461069354818,
    -35.31515457202952,
    -31.381015932902663,
    -19.19941678206062,
    -89.77316412704465,
    -47.14351311781168,
    -17.1500068282105,
    -33.7300731339992,
    -35.42596420693307,
    -28.619075246400392,
    -13.662530255982265,
    -18.826481921093894,
    -42.942766486975856,
    -30.646957074766703,
    -67.10210885780394,
    -36.548015207080894,
    -8.49336032547809,
    -38.74810155354751,
    -31.719854053481214,
    -81.88131634191467,
    -92.02669911660111,
    -26.765402294003326,
    -77.05136691339212,
    -28.35131750338176,
    -30.65739738234193,
    -28.815609736529844,
    -12.631128408695684,
    -19.76657707274048,
    -35.19372740806584,
    -18.148058117073763,
    -15.788174402707856,
    -15.738820720276752,
    -22.069545165841436,
    -21.33342144973954,
    -15.130769822229738,
    -48.78964133436075,
    -26.54655238046592,
    -25.69391122771495,
    -38.665295883847556,
    -9.881213872031982,
    -67.35254228563963,
    -65.6266707154542,
    -27.182070523999936,
    -70.21155831150026,
    -12.151568947544662,
    -73.00123323547759,
    -26.052067673384705,
    -14.415565004981351,
    -29.679863175040982,
    -18.772576483375857,
    -36.28686481315451,
    -13.654977168369845,
    -22.208642866384046,
    -3.0763315384334096,
    -32.485791446812115,
    -27.04214252691338,
    -12.292461238475289,
    -29.588154848453588,
    -12.754526833561997,
    -72.03232668878252,
    -43.96765541444133,
    -12.288915922161568,
    -8.868759956327263,
    -37.951973426465955,
    -29.684708668469398,
    -15.06451044525564,
    -37.60476795997765,
    -19.889530495071305,
    -83.32461027515794,
    -21.449092508275594,
    -37.65667369691556,
    -80.34099646723193,
    -28.291718849570675,
    -8.457785281282877,
    -31.476332740115332,
    -35.45620457239659,
    -18.853372202616562,
    -33.78714450642164,
    -23.198775439424857,
    -29.476890620420267,
    -26.544117340972218,
    -30.84478416368778,
    -27.729990860613025,
    -6.644027558444691,
    -35.614622419227956,
    -21.034420306190892,
    -38.918142937633505,
    -59.28641532518312,
    -13.639092265417272,
    -15.55174563548044,
    -12.661521778060608
  ]
}