{
  "purchasing": {
    "agent_id": "purchasing",
    "run_name": "purchasing_20260720_175617",
    "timesteps": 200000,
    "train_time_seconds": 4663.971944570541,
    "pre_random_roi_mean": -4.774742386351319,
    "pre_random_roi_std": 3.8950407129715106,
    "post_trained_roi_mean": 6.600783130274257,
    "post_trained_roi_std": 0.6691989194168624,
    "improvement": 11.375525516625576,
    "model_path": "/data/TFC_training/TFC_Training/marl/models/purchasing_20260720_175617",
    "seed": 42,
    "hyperparams": {
      "learning_rate": 0.0003,
      "n_steps": 1024,
      "ent_coef": 0.01
    }
  },
  "sales": {
    "agent_id": "sales",
    "run_name": "sales_20260720_191402",
    "timesteps": 200000,
    "train_time_seconds": 4225.812621116638,
    "pre_random_roi_mean": -2.8279599791980536,
    "pre_random_roi_std": 3.088530271706592,
    "post_trained_roi_mean": 7.096606272898422,
    "post_trained_roi_std": 0.6747329121607266,
    "improvement": 9.924566252096476,
    "model_path": "/data/TFC_training/TFC_Training/marl/models/sales_20260720_191402",
    "seed": 42,
    "hyperparams": {
      "learning_rate": 0.0003,
      "n_steps": 1024,
      "ent_coef": 0.01
    }
  },
  "operations": {
    "agent_id": "operations",
    "run_name": "operations_20260720_202429",
    "timesteps": 200000,
    "train_time_seconds": 3913.8618705272675,
    "pre_random_roi_mean": -15.47307781853247,
    "pre_random_roi_std": 11.782329720641044,
    "post_trained_roi_mean": 13.507476901864086,
    "post_trained_roi_std": 0.396865080799105,
    "improvement": 28.980554720396555,
    "model_path": "/data/TFC_training/TFC_Training/marl/models/operations_20260720_202429",
    "seed": 42,
    "hyperparams": {
      "learning_rate": 0.0003,
      "n_steps": 1024,
      "ent_coef": 0.01
    }
  },
  "supplychain": {
    "agent_id": "supplychain",
    "run_name": "supplychain_20260720_212943",
    "timesteps": 200000,
    "train_time_seconds": 3882.319305419922,
    "pre_random_roi_mean": -3.704396793697641,
    "pre_random_roi_std": 5.720988196466861,
    "post_trained_roi_mean": 7.950734400382487,
    "post_trained_roi_std": 0.16398179878620928,
    "improvement": 11.655131194080127,
    "model_path": "/data/TFC_training/TFC_Training/marl/models/supplychain_20260720_212943",
    "seed": 42,
    "hyperparams": {
      "learning_rate": 0.0003,
      "n_steps": 1024,
      "ent_coef": 0.01
    }
  }
}